 <log4net>
 
   <appender name="FileAppender" type="log4net.Appender.RollingFileAppender">
     <file value="logs\gonet.log" />
     <appendToFile value="true" />
     <rollingStyle value="Once" />
     <maxSizeRollBackups value="10" />
     <maximumFileSize value="10MB" />
     <staticLogFileName value="true" />
     <layout type="log4net.Layout.PatternLayout">
       <!-- <conversionPattern value="%date %-5level in [%thread] %logger%newline%message%newline" /> -->
	   <conversionPattern value="[%-5level] (Thread:%t) %date{yyyy-MM-dd HH:mm:ss.fff} %message%newline" />
     </layout>
   </appender>
   
	<appender name="ConsoleAppender" type="log4net.Appender.ConsoleAppender">
		<layout type="log4net.Layout.PatternLayout">
			   <conversionPattern value="[%-5level] (Thread:%t) %date{yyyy-MM-dd HH:mm:ss.fff} %message%newline" />
		 </layout>
	</appender>
 
   <root>
     <level value="ALL" />
     <appender-ref ref="FileAppender" />
     <appender-ref ref="ConsoleAppender" />
   </root>
   
 </log4net>
